{"assets/jpg/PouringHourGlass.gif":["assets/jpg/PouringHourGlass.gif"],"assets/jpg/alta-citta.png":["assets/jpg/alta-citta.png"],"assets/jpg/alturas-mall-talibon.jpeg":["assets/jpg/alturas-mall-talibon.jpeg"],"assets/jpg/alturas-talibon.jpeg":["assets/jpg/alturas-talibon.jpeg"],"assets/jpg/alturas-talibon3.jpeg":["assets/jpg/alturas-talibon3.jpeg"],"assets/jpg/alturas-tubigon-business.jpg":["assets/jpg/alturas-tubigon-business.jpg"],"assets/jpg/alturas.jpeg":["assets/jpg/alturas.jpeg"],"assets/jpg/alturas_talibon.jpeg":["assets/jpg/alturas_talibon.jpeg"],"assets/jpg/alturas_talibon.jpg":["assets/jpg/alturas_talibon.jpg"],"assets/jpg/bgbgbg.jpg":["assets/jpg/bgbgbg.jpg"],"assets/jpg/businesses-colonnade.jpg":["assets/jpg/businesses-colonnade.jpg"],"assets/jpg/businesses-plaza-marcela.jpg":["assets/jpg/businesses-plaza-marcela.jpg"],"assets/jpg/electronics.jpg":["assets/jpg/electronics.jpg"],"assets/jpg/foods.jpg":["assets/jpg/foods.jpg"],"assets/jpg/grocerybg.jpg":["assets/jpg/grocerybg.jpg"],"assets/jpg/icm.jpg":["assets/jpg/icm.jpg"],"assets/jpg/icm2.jpg":["assets/jpg/icm2.jpg"],"assets/jpg/marcela.jpeg":["assets/jpg/marcela.jpeg"],"assets/jpg/medicine.jpg":["assets/jpg/medicine.jpg"],"assets/jpg/medplus.jpeg":["assets/jpg/medplus.jpeg"],"assets/jpg/no_photo.jpg":["assets/jpg/no_photo.jpg"],"assets/jpg/pharma.jpg":["assets/jpg/pharma.jpg"],"assets/jpg/qoutebg.jpg":["assets/jpg/qoutebg.jpg"],"assets/jpg/qoutebg2.jpg":["assets/jpg/qoutebg2.jpg"],"assets/jpg/quotebggg.jpg":["assets/jpg/quotebggg.jpg"],"assets/jpg/xmas_basket.jpg":["assets/jpg/xmas_basket.jpg"],"assets/mop/cod.png":["assets/mop/cod.png"],"assets/mop/gcash.jpg":["assets/mop/gcash.jpg"],"assets/mop/paymaya.jpg":["assets/mop/paymaya.jpg"],"assets/png/272535.png":["assets/png/272535.png"],"assets/png/272572.png":["assets/png/272572.png"],"assets/png/2783072.png":["assets/png/2783072.png"],"assets/png/3208749.png":["assets/png/3208749.png"],"assets/png/3705445.png":["assets/png/3705445.png"],"assets/png/3705486.png":["assets/png/3705486.png"],"assets/png/7136198.png":["assets/png/7136198.png"],"assets/png/Christmas_basket_all.png":["assets/png/Christmas_basket_all.png"],"assets/png/No_image_available.png":["assets/png/No_image_available.png"],"assets/png/addphoto.png":["assets/png/addphoto.png"],"assets/png/alturush_text_logo.png":["assets/png/alturush_text_logo.png"],"assets/png/as.png":["assets/png/as.png"],"assets/png/contact-chow-king-grill-and-buffet.jpg":["assets/png/contact-chow-king-grill-and-buffet.jpg"],"assets/png/delivery-bike.png":["assets/png/delivery-bike.png"],"assets/png/delivery-man.png":["assets/png/delivery-man.png"],"assets/png/delivery.png":["assets/png/delivery.png"],"assets/png/food.png":["assets/png/food.png"],"assets/png/grocery.png":["assets/png/grocery.png"],"assets/png/icm.png":["assets/png/icm.png"],"assets/png/img_552316.png":["assets/png/img_552316.png"],"assets/png/logo_raider8.2.png":["assets/png/logo_raider8.2.png"],"assets/png/medplus_promo.png":["assets/png/medplus_promo.png"],"assets/png/messenger_logo.png":["assets/png/messenger_logo.png"],"assets/png/myorder.png":["assets/png/myorder.png"],"assets/png/rider_icon.png":["assets/png/rider_icon.png"],"assets/png/sample_alturush_qrcode.png":["assets/png/sample_alturush_qrcode.png"],"assets/png/sample_qrcode_alturush.png":["assets/png/sample_qrcode_alturush.png"],"assets/png/shop-xxl.png":["assets/png/shop-xxl.png"],"assets/png/store-xxl.png":["assets/png/store-xxl.png"],"assets/png/valentines_2023.png":["assets/png/valentines_2023.png"],"assets/png/valentines_2023_2.png":["assets/png/valentines_2023_2.png"],"assets/storesLogo/altacita.jpeg":["assets/storesLogo/altacita.jpeg"],"assets/storesLogo/alturas_mall.png":["assets/storesLogo/alturas_mall.png"],"assets/storesLogo/alturas_talibon.png":["assets/storesLogo/alturas_talibon.png"],"assets/storesLogo/icm.png":["assets/storesLogo/icm.png"],"assets/storesLogo/plaza_marcela.jpeg":["assets/storesLogo/plaza_marcela.jpeg"],"assets/svg/basket.svg":["assets/svg/basket.svg"],"assets/svg/confetti.svg":["assets/svg/confetti.svg"],"assets/svg/empty-cart.svg":["assets/svg/empty-cart.svg"],"assets/svg/fast-food.svg":["assets/svg/fast-food.svg"],"assets/svg/file.svg":["assets/svg/file.svg"],"assets/svg/fried.svg":["assets/svg/fried.svg"],"assets/svg/gallery.svg":["assets/svg/gallery.svg"],"assets/svg/groceries.svg":["assets/svg/groceries.svg"],"assets/svg/inbox.svg":["assets/svg/inbox.svg"],"assets/svg/photo.svg":["assets/svg/photo.svg"],"packages/cool_alert/assets/flare/error_check.flr":["packages/cool_alert/assets/flare/error_check.flr"],"packages/cool_alert/assets/flare/info_check.flr":["packages/cool_alert/assets/flare/info_check.flr"],"packages/cool_alert/assets/flare/loading.flr":["packages/cool_alert/assets/flare/loading.flr"],"packages/cool_alert/assets/flare/success_check.flr":["packages/cool_alert/assets/flare/success_check.flr"],"packages/cool_alert/assets/flare/warning_check.flr":["packages/cool_alert/assets/flare/warning_check.flr"],"packages/cupertino_icons/assets/CupertinoIcons.ttf":["packages/cupertino_icons/assets/CupertinoIcons.ttf"],"packages/flutter_signin_button/assets/logos/2.0x/facebook_new.png":["packages/flutter_signin_button/assets/logos/2.0x/facebook_new.png"],"packages/flutter_signin_button/assets/logos/2.0x/google_dark.png":["packages/flutter_signin_button/assets/logos/2.0x/google_dark.png"],"packages/flutter_signin_button/assets/logos/2.0x/google_light.png":["packages/flutter_signin_button/assets/logos/2.0x/google_light.png"],"packages/flutter_signin_button/assets/logos/3.0x/facebook_new.png":["packages/flutter_signin_button/assets/logos/3.0x/facebook_new.png"],"packages/flutter_signin_button/assets/logos/3.0x/google_dark.png":["packages/flutter_signin_button/assets/logos/3.0x/google_dark.png"],"packages/flutter_signin_button/assets/logos/3.0x/google_light.png":["packages/flutter_signin_button/assets/logos/3.0x/google_light.png"],"packages/flutter_signin_button/assets/logos/facebook_new.png":["packages/flutter_signin_button/assets/logos/facebook_new.png","packages/flutter_signin_button/assets/logos/2.0x/facebook_new.png","packages/flutter_signin_button/assets/logos/3.0x/facebook_new.png"],"packages/flutter_signin_button/assets/logos/google_dark.png":["packages/flutter_signin_button/assets/logos/google_dark.png","packages/flutter_signin_button/assets/logos/2.0x/google_dark.png","packages/flutter_signin_button/assets/logos/3.0x/google_dark.png"],"packages/flutter_signin_button/assets/logos/google_light.png":["packages/flutter_signin_button/assets/logos/google_light.png","packages/flutter_signin_button/assets/logos/2.0x/google_light.png","packages/flutter_signin_button/assets/logos/3.0x/google_light.png"],"packages/fluttertoast/assets/toastify.css":["packages/fluttertoast/assets/toastify.css"],"packages/fluttertoast/assets/toastify.js":["packages/fluttertoast/assets/toastify.js"],"packages/font_awesome_flutter/lib/fonts/fa-brands-400.ttf":["packages/font_awesome_flutter/lib/fonts/fa-brands-400.ttf"],"packages/font_awesome_flutter/lib/fonts/fa-regular-400.ttf":["packages/font_awesome_flutter/lib/fonts/fa-regular-400.ttf"],"packages/font_awesome_flutter/lib/fonts/fa-solid-900.ttf":["packages/font_awesome_flutter/lib/fonts/fa-solid-900.ttf"],"packages/loading_gifs/assets/images/circular_progress_indicator.gif":["packages/loading_gifs/assets/images/circular_progress_indicator.gif"],"packages/loading_gifs/assets/images/circular_progress_indicator_small.gif":["packages/loading_gifs/assets/images/circular_progress_indicator_small.gif"],"packages/loading_gifs/assets/images/cupertino_activity_indicator.gif":["packages/loading_gifs/assets/images/cupertino_activity_indicator.gif"],"packages/loading_gifs/assets/images/cupertino_activity_indicator_small.gif":["packages/loading_gifs/assets/images/cupertino_activity_indicator_small.gif"],"packages/loading_gifs/assets/images/placeholder_empty.png":["packages/loading_gifs/assets/images/placeholder_empty.png"],"packages/nice_button/fonts/Montserrat-Regular.ttf":["packages/nice_button/fonts/Montserrat-Regular.ttf"]}